[{"pk": 1, "model": "auth.user", "fields": {"username": "Pavlov", "first_name": "", "last_name": "", "is_active": true, "is_superuser": true, "is_staff": true, "last_login": "2009-06-27 10:44:47", "groups": [], "user_permissions": [], "password": "sha1$0ae28$e1f4d2aea0c052a1b214d2c0f179146ee7eeff67", "email": "thomas.mayfield@gmail.com", "date_joined": "2009-06-05 19:58:41"}},
	 {"pk": 2, "model": "auth.user", "fields": {"username": "ncundeadmage", "first_name": "", "last_name": "", "is_active": true, "is_superuser": true, "is_staff": true, "last_login": "2009-06-06 07:42:25", "groups": [], "user_permissions": [], "password": "sha1$16eac$ff09d65ba5f01a8267daacd90c3bccfed71b432e", "email": "", "date_joined": "2009-06-05 20:17:05"}},
	 {"pk": 3, "model": "auth.user", "fields": {"username": "Sovereignty", "first_name": "", "last_name": "", "is_active": true, "is_superuser": true, "is_staff": true, "last_login": "2009-06-25 11:29:43", "groups": [], "user_permissions": [], "password": "sha1$7bbdd$ce7bba8b6a7e1c21e00485e6f65ea9d0f957a352", "email": "", "date_joined": "2009-06-05 20:17:58"}},
	 {"pk": 4, "model": "auth.user", "fields": {"username": "Vilaren", "first_name": "", "last_name": "", "is_active": true, "is_superuser": false, "is_staff": false, "last_login": "2009-06-15 16:42:56", "groups": [], "user_permissions": [], "password": "sha1$94111$ebb38fd06b0ba8be33eaa242eae0a27a93044a59", "email": "", "date_joined": "2009-06-05 20:18:35"}},
	 {"pk": 5, "model": "auth.user", "fields": {"username": "Locrion", "first_name": "", "last_name": "", "is_active": true, "is_superuser": false, "is_staff": false, "last_login": "2009-06-22 16:50:31", "groups": [], "user_permissions": [], "password": "sha1$fd77b$aa804484757dfbb8e26f0eed9e68b8d585201433", "email": "", "date_joined": "2009-06-05 20:36:43"}},
	 {"pk": 6, "model": "auth.user", "fields": {"username": "morgarn", "first_name": "", "last_name": "", "is_active": true, "is_superuser": false, "is_staff": false, "last_login": "2009-06-12 12:31:15", "groups": [], "user_permissions": [], "password": "sha1$16c72$d33a8ef4b59712b241b1ef3e7795f7ca63a957d4", "email": "", "date_joined": "2009-06-05 20:55:54"}},
	 {"pk": 7, "model": "auth.user", "fields": {"username": "Darthpopo", "first_name": "", "last_name": "", "is_active": true, "is_superuser": false, "is_staff": false, "last_login": "2009-06-05 21:19:18", "groups": [], "user_permissions": [], "password": "sha1$1bc8e$9869d38cddcb1360851ac39b6f3d5845d516e68e", "email": "", "date_joined": "2009-06-05 21:19:18"}},
	 {"pk": 8, "model": "auth.user", "fields": {"username": "Farlo", "first_name": "", "last_name": "", "is_active": true, "is_superuser": false, "is_staff": false, "last_login": "2009-06-12 16:55:14", "groups": [], "user_permissions": [], "password": "sha1$31593$6e31906d16f6f49e08219afe864b7986ce4693f1", "email": "", "date_joined": "2009-06-05 21:19:36"}},
	 {"pk": 9, "model": "auth.user", "fields": {"username": "Curwen", "first_name": "", "last_name": "", "is_active": true, "is_superuser": false, "is_staff": false, "last_login": "2009-06-24 17:10:21", "groups": [], "user_permissions": [], "password": "sha1$3198c$b4f4b5938bb8ff7bd00bb0ffe971b95a354c6a03", "email": "", "date_joined": "2009-06-06 08:54:13"}},
	 {"pk": 10, "model": "auth.user", "fields": {"username": "lilbunnyfufu", "first_name": "", "last_name": "", "is_active": true, "is_superuser": false, "is_staff": false, "last_login": "2009-06-22 15:35:36", "groups": [], "user_permissions": [], "password": "sha1$1cad4$89e92df81b1e3c3d5c4f4fba5c72f07f940181d1", "email": "", "date_joined": "2009-06-06 10:32:06"}},
	 {"pk": 11, "model": "auth.user", "fields": {"username": "Drambuey", "first_name": "", "last_name": "", "is_active": true, "is_superuser": false, "is_staff": false, "last_login": "2009-06-06 12:38:29", "groups": [], "user_permissions": [], "password": "sha1$e769e$de356cac3e8d57ae95884eeed93d33f01d6175bc", "email": "", "date_joined": "2009-06-06 12:38:19"}},
	 {"pk": 12, "model": "auth.user", "fields": {"username": "khalima", "first_name": "", "last_name": "", "is_active": true, "is_superuser": false, "is_staff": false, "last_login": "2009-06-22 10:23:07", "groups": [], "user_permissions": [], "password": "sha1$149b4$ec11d7f48b54da76be4b38cc589ea2db5f1a9df1", "email": "", "date_joined": "2009-06-06 14:03:58"}},
	 {"pk": 13, "model": "auth.user", "fields": {"username": "Vindo", "first_name": "", "last_name": "", "is_active": true, "is_superuser": false, "is_staff": false, "last_login": "2009-06-06 16:04:05", "groups": [], "user_permissions": [], "password": "sha1$3e7f3$8061546a37b8ba139d609adc65854a30f3818bd0", "email": "", "date_joined": "2009-06-06 16:00:42"}},
	 {"pk": 14, "model": "auth.user", "fields": {"username": "Icekasket", "first_name": "", "last_name": "", "is_active": true, "is_superuser": false, "is_staff": false, "last_login": "2009-06-26 22:20:07", "groups": [], "user_permissions": [], "password": "sha1$66f7f$2c502be943733032d716295d381c454c6b6e16ed", "email": "", "date_joined": "2009-06-06 20:06:13"}},
	 {"pk": 15, "model": "auth.user", "fields": {"username": "darthpopo", "first_name": "", "last_name": "", "is_active": true, "is_superuser": false, "is_staff": false, "last_login": "2009-06-24 13:54:05", "groups": [], "user_permissions": [], "password": "sha1$97590$ae7fe65fe9c1c321233e2cb7068e97e2e4ff5e43", "email": "", "date_joined": "2009-06-07 09:06:11"}},
	 {"pk": 16, "model": "auth.user", "fields": {"username": "EArcher", "first_name": "", "last_name": "", "is_active": true, "is_superuser": false, "is_staff": false, "last_login": "2009-06-08 13:19:38", "groups": [], "user_permissions": [], "password": "sha1$a64a0$139c702a19f2efd3daeb8477a2e5d86a6e663fbe", "email": "", "date_joined": "2009-06-07 10:03:16"}},
	 {"pk": 17, "model": "auth.user", "fields": {"username": "Nvidian", "first_name": "", "last_name": "", "is_active": true, "is_superuser": false, "is_staff": false, "last_login": "2009-06-15 09:02:29", "groups": [], "user_permissions": [], "password": "sha1$05162$7b2d55335fa44e03190d903db55d00e25be12d56", "email": "", "date_joined": "2009-06-07 11:47:27"}},
	 {"pk": 18, "model": "auth.user", "fields": {"username": "Torkers", "first_name": "", "last_name": "", "is_active": true, "is_superuser": false, "is_staff": false, "last_login": "2009-06-27 06:23:57", "groups": [], "user_permissions": [], "password": "sha1$d764c$8efe5c6d630f93b349b2874db238536b581dce18", "email": "", "date_joined": "2009-06-07 18:43:46"}},
	 {"pk": 19, "model": "auth.user", "fields": {"username": "Vine", "first_name": "", "last_name": "", "is_active": true, "is_superuser": false, "is_staff": false, "last_login": "2009-06-23 08:08:55", "groups": [], "user_permissions": [], "password": "sha1$e7dab$bdc044bc259d74a61d984d037a62e721536e4896", "email": "", "date_joined": "2009-06-08 10:22:10"}},
	 {"pk": 20, "model": "auth.user", "fields": {"username": "Street", "first_name": "", "last_name": "", "is_active": true, "is_superuser": false, "is_staff": false, "last_login": "2009-06-08 10:40:14", "groups": [], "user_permissions": [], "password": "sha1$26f86$c0658883151a4fb9893e8828675efa956706812e", "email": "", "date_joined": "2009-06-08 10:40:03"}},
	 {"pk": 21, "model": "auth.user", "fields": {"username": "zabute", "first_name": "", "last_name": "", "is_active": true, "is_superuser": false, "is_staff": false, "last_login": "2009-06-24 13:53:17", "groups": [], "user_permissions": [], "password": "sha1$25d2d$7bcce4e56c399c9a5ffc5a19274bea2e2ebf2161", "email": "", "date_joined": "2009-06-08 21:38:28"}},
	 {"pk": 22, "model": "auth.user", "fields": {"username": "merrem", "first_name": "", "last_name": "", "is_active": true, "is_superuser": false, "is_staff": false, "last_login": "2009-06-19 00:21:59", "groups": [], "user_permissions": [], "password": "sha1$908d3$bf0cf6d3bd009b9afa3238cf80c12c6f357aadab", "email": "", "date_joined": "2009-06-19 00:21:40"}},
	 {"pk": 23, "model": "auth.user", "fields": {"username": "Airmid", "first_name": "", "last_name": "", "is_active": true, "is_superuser": false, "is_staff": false, "last_login": "2009-06-19 02:30:22", "groups": [], "user_permissions": [], "password": "sha1$28cca$3e846763cd5b4b07441c7f3ba679867c4327eba9", "email": "", "date_joined": "2009-06-19 02:30:22"}},
	 {"pk": 24, "model": "auth.user", "fields": {"username": "Tormat", "first_name": "", "last_name": "", "is_active": true, "is_superuser": false, "is_staff": false, "last_login": "2009-06-22 17:08:36", "groups": [], "user_permissions": [], "password": "sha1$8453e$25b3188da4d2214c6cfda3c20dc59d4ee97d8dca", "email": "", "date_joined": "2009-06-22 17:08:18"}},
	 {"pk": 1, "model": "raid_calendar.raid", "fields": {"roll_date": "2009-06-07 12:00:00", "dps_spots": 5, "description": "Sign up for this!  (So Pav can find out if something's broken. >.>)", "title": "Test Instance 10", "healer_spots": 3, "has_rolled": true, "date": "2009-06-08 21:00:00", "tank_spots": 2}},
	 {"pk": 2, "model": "raid_calendar.raid", "fields": {"roll_date": "2009-06-12 12:00:00", "dps_spots": 5, "description": "No, really.  Sign up if you want to come!", "title": "Ulduar 10 (This one's real!)", "healer_spots": 3, "has_rolled": true, "date": "2009-06-14 13:00:00", "tank_spots": 2}},
	 {"pk": 3, "model": "raid_calendar.raid", "fields": {"roll_date": "2009-06-19 12:00:00", "dps_spots": 5, "description": "More Ulduar - I know it's father's day, let's see what we can get.", "title": "Ulduar", "healer_spots": 3, "has_rolled": true, "date": "2009-06-20 13:00:00", "tank_spots": 2}},
	 {"pk": 4, "model": "raid_calendar.raid", "fields": {"roll_date": "2009-06-26 12:00:00", "dps_spots": 5, "description": "Let's go kill Vezax and Yogg!", "title": "Ulduar 10", "healer_spots": 3, "has_rolled": true, "date": "2009-06-28 13:00:00", "tank_spots": 2}},
	 {"pk": 1, "model": "raid_calendar.registration", "fields": {"raid": 1, "standby": true, "applied_weight": null, "number": 7, "player": 1, "won": false, "role": "dps"}},
	 {"pk": 2, "model": "raid_calendar.registration", "fields": {"raid": 2, "standby": false, "applied_weight": null, "number": 2, "player": 1, "won": true, "role": "tank"}},
	 {"pk": 3, "model": "raid_calendar.registration", "fields": {"raid": 1, "standby": false, "applied_weight": null, "number": 2, "player": 5, "won": true, "role": "tank"}},
	 {"pk": 4, "model": "raid_calendar.registration", "fields": {"raid": 2, "standby": false, "applied_weight": null, "number": 1, "player": 5, "won": true, "role": "tank"}},
	 {"pk": 5, "model": "raid_calendar.registration", "fields": {"raid": 1, "standby": false, "applied_weight": null, "number": 4, "player": 6, "won": true, "role": "dps"}},
	 {"pk": 6, "model": "raid_calendar.registration", "fields": {"raid": 1, "standby": false, "applied_weight": null, "number": 1, "player": 8, "won": true, "role": "healer"}},
	 {"pk": 7, "model": "raid_calendar.registration", "fields": {"raid": 2, "standby": false, "applied_weight": null, "number": 1, "player": 8, "won": true, "role": "healer"}},
	 {"pk": 8, "model": "raid_calendar.registration", "fields": {"raid": 2, "standby": false, "applied_weight": null, "number": 2, "player": 3, "won": true, "role": "healer"}},
	 {"pk": 9, "model": "raid_calendar.registration", "fields": {"raid": 1, "standby": false, "applied_weight": null, "number": 2, "player": 2, "won": true, "role": "dps"}},
	 {"pk": 10, "model": "raid_calendar.registration", "fields": {"raid": 2, "standby": false, "applied_weight": null, "number": 9, "player": 2, "won": false, "role": "dps"}},
	 {"pk": 11, "model": "raid_calendar.registration", "fields": {"raid": 2, "standby": false, "applied_weight": null, "number": 4, "player": 9, "won": true, "role": "dps"}},
	 {"pk": 12, "model": "raid_calendar.registration", "fields": {"raid": 1, "standby": false, "applied_weight": null, "number": 3, "player": 9, "won": true, "role": "dps"}},
	 {"pk": 13, "model": "raid_calendar.registration", "fields": {"raid": 1, "standby": false, "applied_weight": null, "number": 1, "player": 11, "won": true, "role": "dps"}},
	 {"pk": 14, "model": "raid_calendar.registration", "fields": {"raid": 1, "standby": false, "applied_weight": null, "number": 1, "player": 12, "won": true, "role": "tank"}},
	 {"pk": 16, "model": "raid_calendar.registration", "fields": {"raid": 1, "standby": false, "applied_weight": null, "number": 3, "player": 13, "won": true, "role": "healer"}},
	 {"pk": 17, "model": "raid_calendar.registration", "fields": {"raid": 2, "standby": false, "applied_weight": null, "number": 5, "player": 4, "won": true, "role": "dps"}},
	 {"pk": 18, "model": "raid_calendar.registration", "fields": {"raid": 1, "standby": false, "applied_weight": null, "number": 5, "player": 4, "won": true, "role": "dps"}},
	 {"pk": 19, "model": "raid_calendar.registration", "fields": {"raid": 2, "standby": false, "applied_weight": null, "number": 3, "player": 10, "won": true, "role": "dps"}},
	 {"pk": 20, "model": "raid_calendar.registration", "fields": {"raid": 1, "standby": false, "applied_weight": null, "number": 8, "player": 14, "won": false, "role": "dps"}},
	 {"pk": 21, "model": "raid_calendar.registration", "fields": {"raid": 2, "standby": false, "applied_weight": null, "number": 1, "player": 14, "won": true, "role": "dps"}},
	 {"pk": 22, "model": "raid_calendar.registration", "fields": {"raid": 2, "standby": false, "applied_weight": null, "number": 3, "player": 15, "won": true, "role": "healer"}},
	 {"pk": 23, "model": "raid_calendar.registration", "fields": {"raid": 1, "standby": false, "applied_weight": null, "number": 2, "player": 15, "won": true, "role": "healer"}},
	 {"pk": 24, "model": "raid_calendar.registration", "fields": {"raid": 1, "standby": false, "applied_weight": null, "number": 6, "player": 16, "won": false, "role": "dps"}},
	 {"pk": 25, "model": "raid_calendar.registration", "fields": {"raid": 2, "standby": false, "applied_weight": null, "number": 6, "player": 16, "won": false, "role": "dps"}},
	 {"pk": 26, "model": "raid_calendar.registration", "fields": {"raid": 2, "standby": false, "applied_weight": null, "number": 8, "player": 18, "won": false, "role": "dps"}},
	 {"pk": 27, "model": "raid_calendar.registration", "fields": {"raid": 2, "standby": false, "applied_weight": null, "number": 4, "player": 19, "won": false, "role": "healer"}},
	 {"pk": 28, "model": "raid_calendar.registration", "fields": {"raid": 1, "standby": false, "applied_weight": null, "number": null, "player": 20, "won": true, "role": "dps"}},
	 {"pk": 29, "model": "raid_calendar.registration", "fields": {"raid": 2, "standby": false, "applied_weight": null, "number": 7, "player": 21, "won": false, "role": "dps"}},
	 {"pk": 30, "model": "raid_calendar.registration", "fields": {"raid": 2, "standby": false, "applied_weight": null, "number": 2, "player": 6, "won": true, "role": "dps"}},
	 {"pk": 31, "model": "raid_calendar.registration", "fields": {"raid": 3, "standby": false, "applied_weight": null, "number": 3, "player": 3, "won": true, "role": "healer"}},
	 {"pk": 32, "model": "raid_calendar.registration", "fields": {"raid": 3, "standby": false, "applied_weight": null, "number": 2, "player": 5, "won": true, "role": "tank"}},
	 {"pk": 33, "model": "raid_calendar.registration", "fields": {"raid": 3, "standby": false, "applied_weight": null, "number": 1, "player": 8, "won": true, "role": "healer"}},
	 {"pk": 35, "model": "raid_calendar.registration", "fields": {"raid": 3, "standby": false, "applied_weight": null, "number": 1, "player": 1, "won": true, "role": "tank"}},
	 {"pk": 36, "model": "raid_calendar.registration", "fields": {"raid": 3, "standby": true, "applied_weight": null, "number": 4, "player": 21, "won": true, "role": "dps"}},
	 {"pk": 37, "model": "raid_calendar.registration", "fields": {"raid": 3, "standby": true, "applied_weight": null, "number": 7, "player": 10, "won": false, "role": "dps"}},
	 {"pk": 38, "model": "raid_calendar.registration", "fields": {"raid": 3, "standby": false, "applied_weight": null, "number": 3, "player": 9, "won": true, "role": "dps"}},
	 {"pk": 39, "model": "raid_calendar.registration", "fields": {"raid": 3, "standby": false, "applied_weight": null, "number": 2, "player": 16, "won": true, "role": "dps"}},
	 {"pk": 40, "model": "raid_calendar.registration", "fields": {"raid": 3, "standby": false, "applied_weight": null, "number": 1, "player": 4, "won": true, "role": "dps"}},
	 {"pk": 41, "model": "raid_calendar.registration", "fields": {"raid": 3, "standby": true, "applied_weight": null, "number": 6, "player": 22, "won": false, "role": "dps"}},
	 {"pk": 42, "model": "raid_calendar.registration", "fields": {"raid": 3, "standby": false, "applied_weight": null, "number": 5, "player": 18, "won": true, "role": "dps"}},
	 {"pk": 43, "model": "raid_calendar.registration", "fields": {"raid": 4, "standby": false, "applied_weight": null, "number": 2, "player": 1, "won": true, "role": "tank"}},
	 {"pk": 44, "model": "raid_calendar.registration", "fields": {"raid": 4, "standby": false, "applied_weight": null, "number": 3, "player": 3, "won": true, "role": "healer"}},
	 {"pk": 45, "model": "raid_calendar.registration", "fields": {"raid": 4, "standby": false, "applied_weight": null, "number": 4, "player": 16, "won": true, "role": "dps"}},
	 {"pk": 46, "model": "raid_calendar.registration", "fields": {"raid": 4, "standby": true, "applied_weight": null, "number": 3, "player": 4, "won": true, "role": "dps"}},
	 {"pk": 47, "model": "raid_calendar.registration", "fields": {"raid": 4, "standby": false, "applied_weight": null, "number": 2, "player": 9, "won": true, "role": "dps"}},
	 {"pk": 48, "model": "raid_calendar.registration", "fields": {"raid": 4, "standby": false, "applied_weight": null, "number": 1, "player": 17, "won": true, "role": "dps"}},
	 {"pk": 49, "model": "raid_calendar.registration", "fields": {"raid": 4, "standby": false, "applied_weight": null, "number": 1, "player": 8, "won": true, "role": "healer"}},
	 {"pk": 50, "model": "raid_calendar.registration", "fields": {"raid": 4, "standby": false, "applied_weight": null, "number": 1, "player": 5, "won": true, "role": "tank"}},
	 {"pk": 51, "model": "raid_calendar.registration", "fields": {"raid": 4, "standby": false, "applied_weight": null, "number": 2, "player": 19, "won": true, "role": "healer"}},
	 {"pk": 52, "model": "raid_calendar.registration", "fields": {"raid": 4, "standby": false, "applied_weight": null, "number": 5, "player": 21, "won": true, "role": "dps"}},
	 {"pk": 53, "model": "raid_calendar.registration", "fields": {"raid": 4, "standby": true, "applied_weight": null, "number": 4, "player": 15, "won": false, "role": "healer"}},
	 {"pk": 1, "model": "raid_calendar.userprofile", "fields": {"user": 1, "weight": 0}},
	 {"pk": 2, "model": "raid_calendar.userprofile", "fields": {"user": 2, "weight": 20}},
	 {"pk": 3, "model": "raid_calendar.userprofile", "fields": {"user": 3, "weight": 0}},
	 {"pk": 4, "model": "raid_calendar.userprofile", "fields": {"user": 4, "weight": 0}},
	 {"pk": 5, "model": "raid_calendar.userprofile", "fields": {"user": 5, "weight": 0}},
	 {"pk": 6, "model": "raid_calendar.userprofile", "fields": {"user": 6, "weight": 0}},
	 {"pk": 7, "model": "raid_calendar.userprofile", "fields": {"user": 7, "weight": 0}},
	 {"pk": 8, "model": "raid_calendar.userprofile", "fields": {"user": 8, "weight": 0}},
	 {"pk": 9, "model": "raid_calendar.userprofile", "fields": {"user": 9, "weight": 0}},
	 {"pk": 10, "model": "raid_calendar.userprofile", "fields": {"user": 10, "weight": 0}},
	 {"pk": 11, "model": "raid_calendar.userprofile", "fields": {"user": 11, "weight": 0}},
	 {"pk": 12, "model": "raid_calendar.userprofile", "fields": {"user": 12, "weight": 0}},
	 {"pk": 13, "model": "raid_calendar.userprofile", "fields": {"user": 13, "weight": 0}},
	 {"pk": 14, "model": "raid_calendar.userprofile", "fields": {"user": 14, "weight": 0}},
	 {"pk": 15, "model": "raid_calendar.userprofile", "fields": {"user": 15, "weight": 0}},
	 {"pk": 16, "model": "raid_calendar.userprofile", "fields": {"user": 16, "weight": 0}},
	 {"pk": 17, "model": "raid_calendar.userprofile", "fields": {"user": 17, "weight": 0}},
	 {"pk": 18, "model": "raid_calendar.userprofile", "fields": {"user": 18, "weight": 0}},
	 {"pk": 19, "model": "raid_calendar.userprofile", "fields": {"user": 19, "weight": 0}},
	 {"pk": 20, "model": "raid_calendar.userprofile", "fields": {"user": 20, "weight": 0}},
	 {"pk": 21, "model": "raid_calendar.userprofile", "fields": {"user": 21, "weight": 0}},
	 {"pk": 22, "model": "raid_calendar.userprofile", "fields": {"user": 22, "weight": 0}},
	 {"pk": 23, "model": "raid_calendar.userprofile", "fields": {"user": 23, "weight": 0}},
	 {"pk": 24, "model": "raid_calendar.userprofile", "fields": {"user": 24, "weight": 0}},
	 {"pk": 1, "model": "south.migrationhistory", "fields": {"applied": "2009-07-05 14:39:38", "app_name": "raid_calendar", "migration": "0001_initial"}},
	 {"pk": 2, "model": "south.migrationhistory", "fields": {"applied": "2009-07-05 14:39:43", "app_name": "raid_calendar", "migration": "0002_add_user_profile_model"}},
	 {"pk": 3, "model": "south.migrationhistory", "fields": {"applied": "2009-07-05 14:39:43", "app_name": "raid_calendar", "migration": "0003_create_all_profiles"}},
	 {"pk": 4, "model": "south.migrationhistory", "fields": {"applied": "2009-07-05 14:39:43", "app_name": "raid_calendar", "migration": "0004_win_lose_data"}},
	 {"pk": 5, "model": "south.migrationhistory", "fields": {"applied": "2009-07-05 14:39:43", "app_name": "raid_calendar", "migration": "0005_populate_win_lose_data"}}]